<?xml version="1.0" encoding="UTF-8"?>
<manifest xmlns="http://www.imsglobal.org/xsd/imscp_v1p1" xmlns:imsmd="http://www.imsglobal.org/xsd/imsmd_v1p2" xmlns:imsqti="http://www.imsglobal.org/xsd/imsqti_v2p1" xmlns:xsi="http://www.w3.org/2001/XMLSchema-instance" identifier="manifest" xsi:schemaLocation="http://www.imsglobal.org/xsd/imscp_v1p1 http://ltsc.ieee.org/xsd/LOM http://www.imsglobal.org/xsd/qti/qtiv2p1/qtiv2p1_imscpv1p2_v1p0.xsd http://www.imsglobal.org/xsd/imsmd_loose_v1p3p2.xsd http://www.imsglobal.org/xsd/imsqti_metadata_v2p1 http://www.imsglobal.org/xsd/qti/qtiv2p1/imsqti_metadata_v2p1p1.xsd">
  <metadata>
    <schema>QTIv2.1 package</schema>
    <schemaversion>1.2</schemaversion>
    <imsmd:lom>
      <imsmd:general>
        <imsmd:title>
          <imsmd:langstring xml:lang="en">Questions</imsmd:langstring>
        </imsmd:title>
      </imsmd:general>
      <imsmd:technical>
        <imsmd:format>text/x-imsqti-item-xml</imsmd:format>
      </imsmd:technical>
    </imsmd:lom>
  </metadata>
  <resources>
    <resource identifier="QUE_23001418_1" type="imsqti_item_xmlv2p1" href="QUE_23001418_1.xml">
      <metadata>
        <imsmd:lom>
          <imsmd:general>
            <imsmd:title>
              <imsmd:langstring xml:lang="en">__title__</imsmd:langstring>
            </imsmd:title>
          </imsmd:general>
          <imsmd:technical>
            <imsmd:format>text/x-imsqti-item-xml</imsmd:format>
          </imsmd:technical>
        </imsmd:lom>
        <imsqti:qtiMetadata>
          <imsqti:interactionType>extendedTextInteraction</imsqti:interactionType>
        </imsqti:qtiMetadata>
      </metadata>
      <file href="QUE_23001418_1.xml"/>
    </resource>
    <resource identifier="QUE_23001419_1" type="imsqti_item_xmlv2p1" href="QUE_23001419_1.xml">
      <metadata>
        <imsmd:lom>
          <imsmd:general>
            <imsmd:title>
              <imsmd:langstring xml:lang="en">__title__</imsmd:langstring>
            </imsmd:title>
          </imsmd:general>
          <imsmd:technical>
            <imsmd:format>text/x-imsqti-item-xml</imsmd:format>
          </imsmd:technical>
        </imsmd:lom>
        <imsqti:qtiMetadata>
          <imsqti:interactionType>choiceInteraction</imsqti:interactionType>
        </imsqti:qtiMetadata>
      </metadata>
      <file href="QUE_23001419_1.xml"/>
    </resource>
    <resource identifier="QUE_23001420_1" type="imsqti_item_xmlv2p1" href="QUE_23001420_1.xml">
      <metadata>
        <imsmd:lom>
          <imsmd:general>
            <imsmd:title>
              <imsmd:langstring xml:lang="en">__title__</imsmd:langstring>
            </imsmd:title>
          </imsmd:general>
          <imsmd:technical>
            <imsmd:format>text/x-imsqti-item-xml</imsmd:format>
          </imsmd:technical>
        </imsmd:lom>
        <imsqti:qtiMetadata>
          <imsqti:interactionType>textEntryInteraction</imsqti:interactionType>
        </imsqti:qtiMetadata>
      </metadata>
      <file href="QUE_23001420_1.xml"/>
    </resource>
  </resources>
</manifest>
