<?xml version="1.0" encoding="UTF-8"?>
<assessmentItem xmlns="http://www.imsglobal.org/xsd/imsqti_v2p1" xmlns:xsi="http://www.w3.org/2001/XMLSchema-instance" xsi:schemaLocation="http://www.imsglobal.org/xsd/imsqti_v2p1 http://www.imsglobal.org/xsd/qti/qtiv2p1/imsqti_v2p1p1.xsd" identifier="QUE_23001420_1" title="__title__" adaptive="false" timeDependent="false">
  <responseDeclaration identifier="RESPONSE1009776" cardinality="single" baseType="string">
    <correctResponse>
      <value>__fill1Goed__</value>
      <mapping defaultValue="0">
        <mapEntry mapKey="__fill1Goed__" mappedValue="1.0"/>
        <mapEntry mapKey="__fill2Goed__" mappedValue="1.0"/>
        <mapEntry mapKey="__fill3Goed__" mappedValue="1.0"/>
        <mapEntry mapKey="__fill4Goed__" mappedValue="1.0"/>
        <mapEntry mapKey="__fill5Goed__" mappedValue="1.0"/>
        <mapEntry mapKey="__fill6Goed__" mappedValue="1.0"/>
        <mapEntry mapKey="__fill7Goed__" mappedValue="1.0"/>
        <mapEntry mapKey="__fill8Goed__" mappedValue="1.0"/>
      </mapping>
    </correctResponse>
  </responseDeclaration>
  <outcomeDeclaration identifier="SCORE" cardinality="single" baseType="float"/>
  <outcomeDeclaration identifier="MAXSCORE" cardinality="single" baseType="float">
    <defaultValue>
      <value>1.0</value>
    </defaultValue>
  </outcomeDeclaration>
  <itemBody>
    <div>__vraag__</div>
    <div>
  <textEntryInteraction responseIdentifier="RESPONSE1009776" expectedLength=""/>
</div>
  </itemBody>
  <rubricBlock view="scorer">
    <div>__fill1Goed__</div>
  </rubricBlock>
  <responseProcessing template="http://www.imsglobal.org/question/qti_v2p1/rptemplates/map_response"/>
</assessmentItem>
