<?xml version="1.0" encoding="UTF-8"?>
<assessmentItem xmlns="http://www.imsglobal.org/xsd/imsqti_v2p1" xmlns:xsi="http://www.w3.org/2001/XMLSchema-instance" xsi:schemaLocation="http://www.imsglobal.org/xsd/imsqti_v2p1 http://www.imsglobal.org/xsd/qti/qtiv2p1/imsqti_v2p1p1.xsd" identifier="QUE_23001418_1" title="__title__" adaptive="false" timeDependent="false">
  <responseDeclaration identifier="RESPONSE" cardinality="single" baseType="string"/>
  <outcomeDeclaration identifier="SCORE" cardinality="single" baseType="float"/>
  <outcomeDeclaration identifier="MAXSCORE" cardinality="single" baseType="float">
    <defaultValue>
      <value>1.0</value>
    </defaultValue>
  </outcomeDeclaration>
  <itemBody>
    <div> <div>__vraag__</div> </div>
    <extendedTextInteraction expectedLength="0" expectedLines="3" format="plain" responseIdentifier="RESPONSE"/>
  </itemBody>
  <rubricScoring>
    <criterion points="1.0">
      <div>__openCriterium1__</div>
    </criterion>
    <criterion points="1.0">
      <div>__openCriterium2__</div>
    </criterion>
    <criterion points="1.0">
      <div>__openCriterium3__</div>
    </criterion>
    <criterion points="1.0">
      <div>__openCriterium4__</div>
    </criterion>
  </rubricScoring>
  <rubricBlock view="scorer">
    <div>__openModelAntwoord__</div>
  </rubricBlock>
</assessmentItem>
