<?xml version="1.0" encoding="UTF-8"?>
<assessmentItem xmlns="http://www.imsglobal.org/xsd/imsqti_v2p1" xmlns:xsi="http://www.w3.org/2001/XMLSchema-instance" xsi:schemaLocation="http://www.imsglobal.org/xsd/imsqti_v2p1 http://www.imsglobal.org/xsd/qti/qtiv2p1/imsqti_v2p1p1.xsd" identifier="QUE_23001419_1" title="__title__" adaptive="false" timeDependent="false">
  <responseDeclaration identifier="RESPONSE" cardinality="single" baseType="identifier">
    <correctResponse>
      <value>choice1</value>
    </correctResponse>
  </responseDeclaration>
  <outcomeDeclaration identifier="SCORE" cardinality="single" baseType="float"/>
  <outcomeDeclaration identifier="MAXSCORE" cardinality="single" baseType="float">
    <defaultValue>
      <value>1.0</value>
    </defaultValue>
  </outcomeDeclaration>
  <itemBody>
    <choiceInteraction responseIdentifier="RESPONSE" shuffle="false" maxChoices="1">
      <prompt>
        <div>  <div>__vraag__</div> </div>
      </prompt>
      <simpleChoice identifier="choice1">
        <div>__mc1Goed__</div>
      </simpleChoice>
      <feedback identifier="choice1"/>
      <simpleChoice identifier="choice2">
        <div>__mc2Fout__</div>
      </simpleChoice>
      <feedback identifier="choice2"/>
      <simpleChoice identifier="choice3">
        <div>__mc3Fout__</div>
      </simpleChoice>
      <feedback identifier="choice3"/>
      <simpleChoice identifier="choice4">
        <div>__mc4Fout__</div>
      </simpleChoice>
      <feedback identifier="choice4"/>
    </choiceInteraction>
  </itemBody>
  <rubricBlock view="scorer"/>
  <responseProcessing template="http://www.imsglobal.org/question/qti_v2p1/rptemplates/match_correct"/>
</assessmentItem>
